<?xml version="1.0" encoding="utf-8" standalone="yes"?>
<rss version="2.0" xmlns:atom="http://www.w3.org/2005/Atom">
  <channel>
    <title>标签 on 化简的博客</title>
    <link>https://xzyu0106.github.io/categories/%E6%A0%87%E7%AD%BE/</link>
    <description>Recent content in 标签 on 化简的博客</description>
    <generator>Hugo -- gohugo.io</generator>
    <language>zh-CN</language>
    <lastBuildDate>Sun, 01 Mar 2020 10:30:50 +0800</lastBuildDate>
    
	<atom:link href="https://xzyu0106.github.io/categories/%E6%A0%87%E7%AD%BE/index.xml" rel="self" type="application/rss+xml" />
    
    
    <item>
      <title>Hugo_operation_manual</title>
      <link>https://xzyu0106.github.io/post/k8s%E8%87%AA%E5%AE%9A%E4%B9%89%E8%B0%83%E5%BA%A6%E5%99%A8%E5%AE%9E%E8%B7%B5/</link>
      <pubDate>Sun, 01 Mar 2020 10:30:50 +0800</pubDate>
      
      <guid>https://xzyu0106.github.io/post/k8s%E8%87%AA%E5%AE%9A%E4%B9%89%E8%B0%83%E5%BA%A6%E5%99%A8%E5%AE%9E%E8%B7%B5/</guid>
      <description>哦豁</description>
    </item>
    
    <item>
      <title>Hugo_operation_manual</title>
      <link>https://xzyu0106.github.io/post/linux%E6%89%80%E9%81%87%E9%97%AE%E9%A2%98%E6%B1%87%E6%80%BB/</link>
      <pubDate>Sun, 01 Mar 2020 10:30:50 +0800</pubDate>
      
      <guid>https://xzyu0106.github.io/post/linux%E6%89%80%E9%81%87%E9%97%AE%E9%A2%98%E6%B1%87%E6%80%BB/</guid>
      <description>哦豁</description>
    </item>
    
  </channel>
</rss>