<?xml version="1.0" encoding="utf-8" standalone="yes"?>
<rss version="2.0" xmlns:atom="http://www.w3.org/2005/Atom">
  <channel>
    <title>技术 on 化简的博客</title>
    <link>https://xzyu0106.github.io/categories/%E6%8A%80%E6%9C%AF/</link>
    <description>Recent content in 技术 on 化简的博客</description>
    <generator>Hugo -- gohugo.io</generator>
    <language>zh-CN</language>
    <lastBuildDate>Sun, 12 Jul 2020 10:30:50 +0800</lastBuildDate>
    
	<atom:link href="https://xzyu0106.github.io/categories/%E6%8A%80%E6%9C%AF/index.xml" rel="self" type="application/rss+xml" />
    
    
    <item>
      <title>博客说明</title>
      <link>https://xzyu0106.github.io/post/200712%E8%AF%B4%E6%98%8E/</link>
      <pubDate>Sun, 12 Jul 2020 10:30:50 +0800</pubDate>
      
      <guid>https://xzyu0106.github.io/post/200712%E8%AF%B4%E6%98%8E/</guid>
      <description>最近在忙着做微服务架构下的任务调度工作，所以暂时没有时间打理博客啦，说起来自从自己搭建了hugo博客之后好像就没怎么管过，一直在忙各种项目任务，等有空了一定把本地的笔记和写在其他地方的笔记迁移过来，把这里作为一个主站。 嗯！！！</description>
    </item>
    
  </channel>
</rss>