<?xml version="1.0" encoding="utf-8" standalone="yes"?>
<rss version="2.0" xmlns:atom="http://www.w3.org/2005/Atom">
  <channel>
    <title>介绍 on 化简的博客</title>
    <link>https://simplifythewhale.com/categories/%E4%BB%8B%E7%BB%8D/</link>
    <description>Recent content in 介绍 on 化简的博客</description>
    <generator>Hugo -- gohugo.io</generator>
    <language>zh-CN</language>
    <lastBuildDate>Mon, 20 Jul 2020 20:12:07 +0800</lastBuildDate>
    
	<atom:link href="https://simplifythewhale.com/categories/%E4%BB%8B%E7%BB%8D/index.xml" rel="self" type="application/rss+xml" />
    
    
    <item>
      <title>我的第一篇hugo博客</title>
      <link>https://simplifythewhale.com/post/200721/</link>
      <pubDate>Mon, 20 Jul 2020 20:12:07 +0800</pubDate>
      
      <guid>https://simplifythewhale.com/post/200721/</guid>
      <description>Hello World 之前一直没有做网络笔记的习惯，也很少在一个专门的地方里记录自己学习到的知识点，疫情期间就利用了hugo+github搭建了这个博客，但是因为是挂在github上，一个是不方便其次网速也太慢，现在迁移到了阿里云上，并经过两周的备案有了自己的域名（化简那头鲸鱼 simplifyth</description>
    </item>
    
  </channel>
</rss>