<?xml version="1.0" encoding="utf-8" standalone="yes"?>
<rss version="2.0" xmlns:atom="http://www.w3.org/2005/Atom">
  <channel>
    <title>介绍 on 化简的博客</title>
    <link>https://xzyu0106.github.io/tags/%E4%BB%8B%E7%BB%8D/</link>
    <description>Recent content in 介绍 on 化简的博客</description>
    <generator>Hugo -- gohugo.io</generator>
    <language>zh-CN</language>
    <lastBuildDate>Sat, 29 Feb 2020 20:12:07 +0800</lastBuildDate>
    
	<atom:link href="https://xzyu0106.github.io/tags/%E4%BB%8B%E7%BB%8D/index.xml" rel="self" type="application/rss+xml" />
    
    
    <item>
      <title>我的第一篇hugo博客</title>
      <link>https://xzyu0106.github.io/post/1/</link>
      <pubDate>Sat, 29 Feb 2020 20:12:07 +0800</pubDate>
      
      <guid>https://xzyu0106.github.io/post/1/</guid>
      <description>Hello World 之前一直没有做网络笔记的习惯，也很少在博客里记录自己学习到的知识点，唯有聊聊几篇在CSDN里，今天（2020年3月）开始慢慢将平时所学放到这里，之前在其他地方记录的东西也会慢慢挪过来！ 一方面是方便记忆，另一方面则是为了阶段性地审视自己所学到的知识。 君子坐而论道，少年起而行之。</description>
    </item>
    
  </channel>
</rss>