<?xml version="1.0" encoding="utf-8" standalone="yes"?>
<rss version="2.0" xmlns:atom="http://www.w3.org/2005/Atom">
  <channel>
    <title>wallhaven on 化简的博客</title>
    <link>https://xzyu0106.github.io/tags/wallhaven/</link>
    <description>Recent content in wallhaven on 化简的博客</description>
    <generator>Hugo -- gohugo.io</generator>
    <language>zh-CN</language>
    <lastBuildDate>Sun, 08 Mar 2020 20:12:07 +0800</lastBuildDate>
    
	<atom:link href="https://xzyu0106.github.io/tags/wallhaven/index.xml" rel="self" type="application/rss+xml" />
    
    
    <item>
      <title>壁纸网站推荐</title>
      <link>https://xzyu0106.github.io/tools/%E5%A3%81%E7%BA%B8/</link>
      <pubDate>Sun, 08 Mar 2020 20:12:07 +0800</pubDate>
      
      <guid>https://xzyu0106.github.io/tools/%E5%A3%81%E7%BA%B8/</guid>
      <description>wallhaven是一个目前为止我遇到的最棒的壁纸库了，记录一下里面壁纸最简单的下载方式： 点开图片，点击两下图片就是最清晰的，右键保存。</description>
    </item>
    
  </channel>
</rss>