<?xml version="1.0" encoding="utf-8" standalone="yes"?>
<rss version="2.0" xmlns:atom="http://www.w3.org/2005/Atom">
  <channel>
    <title>Tags on 化简的博客</title>
    <link>https://simplifythewhale.com/tags/</link>
    <description>Recent content in Tags on 化简的博客</description>
    <generator>Hugo -- gohugo.io</generator>
    <language>zh-CN</language>
    <lastBuildDate>Mon, 20 Jul 2020 20:12:07 +0800</lastBuildDate>
    
	<atom:link href="https://simplifythewhale.com/tags/index.xml" rel="self" type="application/rss+xml" />
    
    
    <item>
      <title>介绍</title>
      <link>https://simplifythewhale.com/tags/%E4%BB%8B%E7%BB%8D/</link>
      <pubDate>Mon, 20 Jul 2020 20:12:07 +0800</pubDate>
      
      <guid>https://simplifythewhale.com/tags/%E4%BB%8B%E7%BB%8D/</guid>
      <description></description>
    </item>
    
    <item>
      <title>说明</title>
      <link>https://simplifythewhale.com/tags/%E8%AF%B4%E6%98%8E/</link>
      <pubDate>Sun, 12 Jul 2020 10:30:50 +0800</pubDate>
      
      <guid>https://simplifythewhale.com/tags/%E8%AF%B4%E6%98%8E/</guid>
      <description></description>
    </item>
    
    <item>
      <title>wallhaven</title>
      <link>https://simplifythewhale.com/tags/wallhaven/</link>
      <pubDate>Sun, 08 Mar 2020 20:12:07 +0800</pubDate>
      
      <guid>https://simplifythewhale.com/tags/wallhaven/</guid>
      <description></description>
    </item>
    
    <item>
      <title>MySQL</title>
      <link>https://simplifythewhale.com/tags/MySQL/</link>
      <pubDate>Sat, 07 Mar 2020 11:30:50 +0800</pubDate>
      
      <guid>https://simplifythewhale.com/tags/MySQL/</guid>
      <description></description>
    </item>
    
    <item>
      <title>tip</title>
      <link>https://simplifythewhale.com/tags/tip/</link>
      <pubDate>Tue, 03 Mar 2020 10:30:50 +0800</pubDate>
      
      <guid>https://simplifythewhale.com/tags/tip/</guid>
      <description></description>
    </item>
    
    <item>
      <title>技巧</title>
      <link>https://simplifythewhale.com/tags/%E6%8A%80%E5%B7%A7/</link>
      <pubDate>Mon, 02 Mar 2020 10:30:50 +0800</pubDate>
      
      <guid>https://simplifythewhale.com/tags/%E6%8A%80%E5%B7%A7/</guid>
      <description></description>
    </item>
    
    <item>
      <title>k8s安装</title>
      <link>https://simplifythewhale.com/tags/k8s%E5%AE%89%E8%A3%85/</link>
      <pubDate>Sun, 01 Mar 2020 23:43:14 +0800</pubDate>
      
      <guid>https://simplifythewhale.com/tags/k8s%E5%AE%89%E8%A3%85/</guid>
      <description></description>
    </item>
    
    <item>
      <title>笔记</title>
      <link>https://simplifythewhale.com/tags/%E7%AC%94%E8%AE%B0/</link>
      <pubDate>Wed, 19 Feb 2020 06:43:50 +0800</pubDate>
      
      <guid>https://simplifythewhale.com/tags/%E7%AC%94%E8%AE%B0/</guid>
      <description></description>
    </item>
    
  </channel>
</rss>